{
    "Id": "libpng",
    "Name": "LibPNG",
    "QDocModule": "qtgui",
    "QtUsage": "Used in the qpng image plugin. Configure with -system-libpng or -no-libpng to avoid.",

    "Description": "libpng is the official PNG reference library.",
    "Homepage": "http://www.libpng.org/pub/png/libpng.html",
    "Version": "1.6.40",
    "DownloadLocation": "https://download.sourceforge.net/libpng/libpng-1.6.40.tar.xz",
    "License": "libpng License and PNG Reference Library version 2",
    "LicenseId": "Libpng AND libpng-2.0",
    "LicenseFile": "LICENSE",
    "Copyright": "Copyright (c) 1995-2023 The PNG Reference Library Authors
Copyright (c) 2000-2023 Cosmin Truta
Copyright (c) 1998-2018 Glenn Randers-Pehrson
Copyright (c) 1996-1997 Andreas Dilger
Copyright (c) 1995-1996 Guy Eric Schalnat, Group 42, Inc.
Copyright (c) 2000-2017 Simon-Pierre Cadieux
Copyright (c) 2000-2017 Eric S. Raymond
Copyright (c) 2000-2017 Mans Rullgard
Copyright (c) 2000-2017 Gilles Vollant
Copyright (c) 2000-2017 James Yu
Copyright (c) 2000-2017 Mandar Sahastrabuddhe
Copyright (c) 1998-2000 Tom Lane
Copyright (c) 1998-2000 Willem van Schaik
Copyright (c) 1996-1997 John Bowler
Copyright (c) 1996-1997 Kevin Bracey
Copyright (c) 1996-1997 Sam Bushell
Copyright (c) 1996-1997 Magnus Holmgren
Copyright (c) 1996-1997 Greg Roelofs
Copyright (c) 1996-1997 Tom Tanner
Copyright (c) 1995-1996 Dave Martindale
Copyright (c) 1995-1996 Paul Schmidt
Copyright (c) 1995-1996 Tim Wegner"
}
