{
    "Id": "rfc6234",
    "Name": "Secure Hash Algorithms SHA-384 and SHA-512",
    "QDocModule": "qtcore",
    "QtUsage": "Used in Qt Core (QCryptographicHash and QMessageAuthenticationCode)",

    "Description": "Implements the Secure Hash Algorithms SHA 384 and SHA-521",
    "License": "BSD 3-clause \"New\" or \"Revised\" License",
    "LicenseFile": "LICENSE",
    "LicenseId": "BSD-3-Clause",
    "Copyright": "Copyright (c) 2011 IETF Trust and the persons identified as authors of the code."
}
