{
    "Id": "zlib",
    "Name": "Data Compression Library (zlib)",
    "QDocModule": "qtcore",
    "QtUsage": "Optionally used in Qt Core and development tools. Configure with -system-zlib to avoid.",

    "Description": "zlib is a general purpose data compression library.",
    "Homepage": "https://zlib.net/",
    "Version": "1.3",
    "DownloadLocation": "https://www.zlib.net/zlib-1.3.tar.gz",

    "License": "zlib License",
    "LicenseId": "Zlib",
    "LicenseFile": "LICENSE",
    "Copyright": "(C) 1995-2023 Jean-loup Gailly and Mark Adler"
}
