[
    {
        "Id": "icc-sRGB-color-profile",
        "Name": "sRGB color profile icc file",
        "QDocModule": "qtgui",
        "QtUsage": "Used in Qt Gui (Embedded into PDF/A-1b files generated by QPrinter/QPdfWriter).",
        "Files": "No upstream: treat as final",
        "Files": "sRGB2014.icc",

        "Description": "An ICC color profile for PDF/A-1b compatible PDF files.",
        "Homepage": "http://www.color.org/",
        "LicenseId": "ICC License",
        "License": "International Color Consortium License",
        "LicenseFile": "LICENSE.txt",
        "Copyright": "Copyright International Color Consortium, 2015"
    }
]
