{
    "Id": "masm",
    "Name": "JavaScriptCore Macro Assembler",
    "QDocModule": "qtqml",
    "QtUsage": "Used in Qt QML.",

    "Homepage": "https://trac.webkit.org/wiki/JavaScriptCore",
    "License": "BSD 2-clause \"Simplified\" License",
    "LicenseId": "BSD-2-Clause",
    "LicenseFile": "LICENSE",
    "Copyright": "Copyright (C) 2003-2018 Apple Inc. All rights reserved.
Copyright (C) 2007 Justin Haygood (jhaygood@reaktix.com)
Copyright (C) 2007-2009 Torch Mobile, Inc. All rights reserved. (http://www.torchmobile.com/)
Copyright (C) 2009, 2010 University of Szeged
Copyright (C) 2009-2011 STMicroelectronics. All rights reserved.
Copyright (C) 2010 MIPS Technologies, Inc. All rights reserved.
Copyright (C) 2010 Peter Varga (pvarga@inf.u-szeged.hu), University of Szeged
Copyright (C) 2010 MIPS Technologies, Inc. All rights reserved.
Copyright (C) 2010, 2011 Research In Motion Limited. All rights reserved.
Copyright (C) 2011 Google Inc. All rights reserved.
Copyright (C) 2013 Samsung Electronics. All rights reserved.
Copyright (C) 2015 Cisco Systems, Inc. All rights reserved.
Copyright (c) 2002-2009 Vivek Thampi"
}
