{
    "Id": "harfbuzz-ng",
    "Name": "HarfBuzz-NG",
    "QDocModule": "qtgui",
    "QtUsage": "Optionally used in Qt GUI. Configure with -system-harfbuzz to force the use of the system library, or -qt-harfbuzz to link statically to the library that is bundled with your Qt version.",
    "SecurityCritical": true,

    "Description": "HarfBuzz is an OpenType text shaping engine.",
    "Homepage": "http://harfbuzz.org",
    "Version": "8.2.2",
    "License": "MIT License",
    "LicenseId": "MIT",
    "LicenseFile": "COPYING",
    "Copyright": "Copyright © 2010-2022  Google, Inc.
    Copyright © 2015-2020  Ebrahim Byagowi
    Copyright © 2019,2020  Facebook, Inc.
    Copyright © 2012,2015  Mozilla Foundation
    Copyright © 2011  Codethink Limited
    Copyright © 2008,2010  Nokia Corporation and/or its subsidiary(-ies)
    Copyright © 2009  Keith Stribley
    Copyright © 2011  Martin Hosken and SIL International
    Copyright © 2007  Chris Wilson
    Copyright © 2005,2006,2020,2021,2022,2023  Behdad Esfahbod
    Copyright © 2004,2007,2008,2009,2010,2013,2021,2022,2023  Red Hat, Inc.
    Copyright © 1998-2005  David Turner and Werner Lemberg
    Copyright © 2016  Igalia S.L.
    Copyright © 2022  Matthias Clasen
    Copyright © 2018,2021  Khaled Hosny
    Copyright © 2018,2019,2020  Adobe, Inc
    Copyright © 2013-2015  Alexei Podtelezhnikov"
}
