[
    {
        "Id": "angle",
        "Name": "ANGLE Library",
        "QDocModule": "qtgui",
        "QtUsage": "Used on Windows to implement OpenGL ES on top of DirectX. Configure with -no-opengl, or -opengl desktop to exclude.",

        "Description": "The ANGLE library translates OpenGL ES API calls to hardware-supported APIs.",
        "Homepage": "http://angleproject.org/",
        "Version": "chromium/3280",

        "License": "BSD 3-clause \"New\" or \"Revised\" License",
        "LicenseId": "BSD-3-Clause",
        "LicenseFile": "LICENSE",
        "Copyright": "Copyright (C) 2002-2013 The ANGLE Project Authors"
    },
    {
        "Id": "angle-arrayboundsclamper",
        "Name": "ANGLE: Array Bounds Clamper for WebKit",
        "QDocModule": "qtgui",
        "QtUsage": "Used on Windows to implement OpenGL ES on top of DirectX. Configure with -no-opengl, or -opengl desktop to exclude.",

        "Path": "src/third_party/compiler",
        "Description": "Implements clamping of array indexing expressions during shader translation.",
        "License": "BSD 2-clause \"Simplified\" License",
        "LicenseId": "BSD-2-Clause",
        "LicenseFile": "src/third_party/compiler/LICENSE",
        "Copyright": "Copyright (C) 2012 Apple Inc."
    },
    {
        "Id": "angle-murmurhash",
        "Name": "ANGLE: Murmurhash",
        "QDocModule": "qtgui",
        "QtUsage": "Used on Windows to implement OpenGL ES on top of DirectX. Configure with -no-opengl, or -opengl desktop to exclude.",

        "Path": "src/third_party/murmurhash",
        "License": "Public Domain",
        "LicenseId": "NONE",
        "Copyright": "MurmurHash3 was written by Austin Appleby, and is placed in the public domain. The author hereby disclaims copyright to this source code."
    },
    {
        "Id": "angle-systeminfo",
        "Name": "ANGLE: Systeminfo",
        "QDocModule": "qtgui",
        "QtUsage": "Used on Windows to implement OpenGL ES on top of DirectX. Configure with -no-opengl, or -opengl desktop to exclude.",

        "Path": "src/third_party/systeminfo",
        "License": "BSD 2-clause \"Simplified\" License",
        "LicenseId": "BSD-2-Clause",
        "LicenseFile": "SYSTEMINFO_LICENSE",
        "Copyright": "Copyright (C) 2009 Apple Inc. All Rights Reserved."
    },
    {
        "Id": "angle-trace_event",
        "Name": "ANGLE: trace_event",
        "QDocModule": "qtgui",
        "QtUsage": "Used on Windows to implement OpenGL ES on top of DirectX. Configure with -no-opengl, or -opengl desktop to exclude.",

        "Path": "src/third_party/trace_event",
        "License": "BSD 3-clause \"New\" or \"Revised\" License",
        "LicenseId": "BSD-3-Clause",
        "LicenseFile": "TRACEEVENT_LICENSE",
        "Copyright": "Copyright (c) 2013 The Chromium Authors."
    },
    {
        "Id": "angle-khronos",
        "Name": "ANGLE: Khronos Headers",
        "QDocModule": "qtgui",
        "QtUsage": "Used on Windows to implement OpenGL ES on top of DirectX. Configure with -no-opengl, or -opengl desktop to exclude.",

        "Path": "include",
        "License": "MIT License",
        "LicenseId": "MIT",
        "LicenseFile": "KHRONOS_LICENSE",
        "Copyright": "Copyright (c) 2007-2017 The Khronos Group Inc."
    }
]
