{
    "Id": "md4c",
    "Name": "MD4C",
    "QDocModule": "qtgui",
    "QtUsage": "Optionally used in QTextDocument if configured with textmarkdownreader.",

    "Description": "A CommonMark-compliant Markdown parser.",
    "Homepage": "https://github.com/mity/md4c",
    "License": "MIT License",
    "LicenseId": "MIT",
    "LicenseFile": "LICENSE.md",
    "Version": "0.4.8",
    "DownloadLocation": "https://github.com/mity/md4c/releases/tag/release-0.4.8",
    "Copyright": "Copyright © 2016-2020 Martin Mitáš"
}
