[
    {
        "Id": "grayraster",
        "Name": "Anti-aliasing rasterizer from FreeType 2",
        "QDocModule": "qtgui",
        "QtUsage": "Used in Qt GUI.",
        "Path": "qgrayraster.c",

        "Description": "FreeType is a freely available software library to render fonts.",
        "Homepage": "http://www.freetype.org",
        "License": "Freetype Project License or GNU General Public License v2.0 only",
        "LicenseId": "FTL or GPL-2.0",
        "LicenseFile": "../../3rdparty/freetype/LICENSE.txt",
        "Copyright": "Copyright 2000-2016 by David Turner, Robert Wilhelm, and Werner Lemberg."
    },
    {
        "Id": "smooth-scaling-algorithm",
        "Name": "Smooth Scaling Algorithm",
        "QDocModule": "qtgui",
        "QtUsage": "Used in Qt Gui (QImage::transformed() functions).",
        "Files": "qimagescale.cpp",

        "Description": "Normal smoothscale method, based on Imlib2's smoothscale.",
        "LicenseId": "BSD-2-Clause AND Imlib2",
        "License": "BSD 2-clause \"Simplified\" License and Imlib2 License",
        "LicenseFile": "QIMAGETRANSFORM_LICENSE.txt",
        "Copyright": "Copyright (C) 2004, 2005 Daniel M. Duley.
    (C) Carsten Haitzler and various contributors.
    (C) Willem Monsuwe <willem@stack.nl>"
    },
    {
        "Id": "webgradients",
        "Name": "WebGradients",
        "QDocModule": "qtgui",
        "QtUsage": "Used in Qt GUI to provide presets for QGradient.",
        "Files": "webgradients.css",

        "Description": "WebGradients is a free collection of 180 linear gradients.",
        "Homepage": "https://webgradients.com/",
        "License": "MIT License",
        "LicenseId": "MIT",
        "LicenseFile": "WEBGRADIENTS_LICENSE.txt",
        "Copyright": "Copyright (c) 2017 itmeo"
    },
    {
        "Id": "xserverhelper",
        "Name": "X Server helper",
        "QDocModule": "qtgui",
        "QtUsage": "Used in Qt GUI (QRegion).",
        "Files": "qregion.cpp",

        "Description": "Code from X11's region.h, Region.c, poly.h, and PolyReg.c",
        "Homepage": "https://www.x.org/",
        "License": "X11 License and Historical Permission Notice and Disclaimer",
        "LicenseId": "X11 AND HPND",
        "LicenseFile": "XCONSORTIUM_LICENSE.txt",
        "Copyright": "Copyright (c) 1987, 1988 X Consortium
Copyright 1987, 1988 by Digital Equipment Corporation, Maynard, Massachusetts."
    }
]
