{
    "Id": "wintab",
    "Name": "Wintab API",
    "QDocModule": "qtgui",
    "QtUsage": "Used in the Qt platform plugin for Windows. Configure with -no-feature-tabletevent to avoid.",

    "Description": "Wintab is a de facto API for pointing devices on Windows.",
    "PackageComment": "Upstream http://www.pointing.com/Wintab.html no longer offers updates; treat as final",
    "License": "LCS-Telegraphics License",
    "LicenseFile": "LICENSE.txt",
    "LicenseId": "urn:dje:license:lcs-telegraphics",
    "Copyright": "Copyright 1991-1998 by LCS/Telegraphics."
}
