{
    "Id": "harfbuzz",
    "Name": "HarfBuzz",
    "QDocModule": "qtgui",
    "QtUsage": "Optionally used in Qt GUI. Configure with -system-harfbuzz to force the use of the system library, or -no-harfbuzz to disable the use of HarfBuzz entirely.",

    "License": "MIT License",
    "LicenseId": "MIT",
    "LicenseFile": "COPYING",
    "Copyright": "Copyright © 2008,2010  Nokia Corporation and/or its subsidiary(-ies)
Copyright © 2006  Behdad Esfahbod
Copyright © 2005  David Turner
Copyright © 2004,2007,2008,2009,2010  Red Hat, Inc.
Copyright © 1998-2004  David Turner and Werner Lemberg"
}
