{
    "Id": "freebsd",
    "Name": "FreeBSD strtoll and strtoull",
    "QDocModule": "qtcore",
    "QtUsage": "Used in Qt Core.",
    "Files": "strtoll.c strtoull.c",

    "Description": "strtoll() and strtoull() are functions for converting a string to (unsigned) long long integer.",
    "Homepage": "https://github.com/freebsd/freebsd/",
    "DownloadLocation": "https://github.com/freebsd/freebsd/tree/master/lib/libc/stdlib",
    "Version": "upstream has complicated with std locales; do not update",
    "Version": "18b29f3fb8abee5d57ed8f4a44f806bec7e0eeff",
    "License": "BSD 3-clause \"New\" or \"Revised\" License",
    "LicenseId": "BSD-3-Clause",
    "LicenseFile": "LICENSE",
    "Copyright": "Copyright (c) 1992, 1993 The Regents of the University of California.
Copyright (c) 2011 The FreeBSD Foundation"
}
